Workbook

Sheet Profiles
A1: Category | B1: Type | C1: Product | D1: Ethylene producer | E1: Ethylene sensitive | F1: Profile (producer / sensitivity) | G1: Role | H1: Practical advice
A2: Fruit | B2: Apple | C2: Carioca Fuji Apple | D2: high | E2: medium | F2: =PROPER(D2)&" producer / "&PROPER(E2)&" sensitivity" -> High producer / Medium sensitivity | G2: Strong emitter | H2: Speeds up ripening of neighbours. Keep apart from sensitive items; remove bruised pieces first.
A3: Fruit | B3: Apple | C3: Cosmic Crisp Apple | D3: high | E3: medium | F3: =PROPER(D3)&" producer / "&PROPER(E3)&" sensitivity" -> High producer / Medium sensitivity | G3: Strong emitter | H3: Speeds up ripening of neighbours. Keep apart from sensitive items; remove bruised pieces first.
A4: Fruit | B4: Apple | C4: Fuji Apple | D4: high | E4: medium | F4: =PROPER(D4)&" producer / "&PROPER(E4)&" sensitivity" -> High producer / Medium sensitivity | G4: Strong emitter | H4: Speeds up ripening of neighbours. Keep apart from sensitive items; remove bruised pieces first.
A5: Fruit | B5: Apple | C5: Gala Apple | D5: high | E5: medium | F5: =PROPER(D5)&" producer / "&PROPER(E5)&" sensitivity" -> High producer / Medium sensitivity | G5: Strong emitter | H5: Speeds up ripening of neighbours. Keep apart from sensitive items; remove bruised pieces first.
A6: Fruit | B6: Apple | C6: Granny Smith Apple | D6: high | E6: medium | F6: =PROPER(D6)&" producer / "&PROPER(E6)&" sensitivity" -> High producer / Medium sensitivity | G6: Strong emitter | H6: Speeds up ripening of neighbours. Keep apart from sensitive items; remove bruised pieces first.
A7: Fruit | B7: Apple | C7: Organic Red Apple | D7: high | E7: medium | F7: =PROPER(D7)&" producer / "&PROPER(E7)&" sensitivity" -> High producer / Medium sensitivity | G7: Strong emitter | H7: Speeds up ripening of neighbours. Keep apart from sensitive items; remove bruised pieces first.
A8: Fruit | B8: Apple | C8: Pink Lady Apple | D8: high | E8: medium | F8: =PROPER(D8)&" producer / "&PROPER(E8)&" sensitivity" -> High producer / Medium sensitivity | G8: Strong emitter | H8: Speeds up ripening of neighbours. Keep apart from sensitive items; remove bruised pieces first.
A9: Fruit | B9: Apple | C9: Portuguese Golden Apple | D9: high | E9: medium | F9: =PROPER(D9)&" producer / "&PROPER(E9)&" sensitivity" -> High producer / Medium sensitivity | G9: Strong emitter | H9: Speeds up ripening of neighbours. Keep apart from sensitive items; remove bruised pieces first.
A10: Fruit | B10: Apple | C10: Reinette Apple | D10: high | E10: medium | F10: =PROPER(D10)&" producer / "&PROPER(E10)&" sensitivity" -> High producer / Medium sensitivity | G10: Strong emitter | H10: Speeds up ripening of neighbours. Keep apart from sensitive items; remove bruised pieces first.
A11: Fruit | B11: Apricot | C11: Apricot | D11: high | E11: medium | F11: =PROPER(D11)&" producer / "&PROPER(E11)&" sensitivity" -> High producer / Medium sensitivity | G11: Strong emitter | H11: Speeds up ripening of neighbours. Keep apart from sensitive items; remove bruised pieces first.
A12: Fruit | B12: Avocado | C12: Ready-To-Eat Hass Avocado | D12: high | E12: high | F12: =PROPER(D12)&" producer / "&PROPER(E12)&" sensitivity" -> High producer / High sensitivity | G12: Emitter AND highly sensitive | H12: Gives off ethylene and is damaged by it. Keep away from other emitters; give it its own space or cold-chain priority.
A13: Fruit | B13: Banana | C13: Banana | D13: medium | E13: high | F13: =PROPER(D13)&" producer / "&PROPER(E13)&" sensitivity" -> Medium producer / High sensitivity | G13: Emitter AND highly sensitive | H13: Gives off ethylene and is damaged by it. Keep away from other emitters; give it its own space or cold-chain priority.
... A85: Vegetable | B85: Zucchini | C85: Green Zucchini | D85: low | E85: medium | F85: =PROPER(D85)&" producer / "&PROPER(E85)&" sensitivity" -> Low producer / Medium sensitivity | G85: Mildly sensitive, low emitter | H85: Low risk both ways. Avoid long exposure next to strong emitters.

Sheet Matrix
A1: Ethylene intersections: producer level (rows) x sensitivity level (columns)
A2: Counts are formulas over the Profiles sheet. Type lists below each count are the fruit/vegetable types in that cell (melon splits by product: cantaloupe and galia are high producers, green melon is low).
A4: Producer \ Sensitive | B4: High sensitivity | C4: Medium sensitivity | D4: Low sensitivity
A5: High producer | B5: =COUNTIFS(Profiles!$D$2:$D$85,"high",Profiles!$E$2:$E$85,"high")&" products" -> 4 products | C5: =COUNTIFS(Profiles!$D$2:$D$85,"high",Profiles!$E$2:$E$85,"medium")&" products" -> 21 products | D5: =COUNTIFS(Profiles!$D$2:$D$85,"high",Profiles!$E$2:$E$85,"low")&" products" -> 0 products
B6: Avocado, Kiwi | C6: Apple, Apricot, Granadilla, Melon, Nectarine, Papaya, Passion Fruit, Peach, Pear | D6: (none)
A7: Medium producer | B7: =COUNTIFS(Profiles!$D$2:$D$85,"medium",Profiles!$E$2:$E$85,"high")&" products" -> 14 products | C7: =COUNTIFS(Profiles!$D$2:$D$85,"medium",Profiles!$E$2:$E$85,"medium")&" products" -> 3 products | D7: =COUNTIFS(Profiles!$D$2:$D$85,"medium",Profiles!$E$2:$E$85,"low")&" products" -> 0 products
B8: Banana, Tomato | C8: Guava, Mango | D8: (none)
A9: Low producer | B9: =COUNTIFS(Profiles!$D$2:$D$85,"low",Profiles!$E$2:$E$85,"high")&" products" -> 12 products | C9: =COUNTIFS(Profiles!$D$2:$D$85,"low",Profiles!$E$2:$E$85,"medium")&" products" -> 13 products | D9: =COUNTIFS(Profiles!$D$2:$D$85,"low",Profiles!$E$2:$E$85,"low")&" products" -> 17 products
B10: Broccoli, Cabbage, Cauliflower, Cucumber, Eggplant, Green Beans, Lettuce, Watermelon | C10: Chayote, Cherries, Clementine, Ginger, Lemon, Lime, Melon, Orange, Pepper, Pineapple, Pumpkin, Zucchini | D10: Garlic, Grapes, Onion, Pitaya, Potato, Strawberries, Sweet Potato
A12: How to read it
A13: Top-left (high producer, high sensitivity): emitters that are also victims. Avocado and kiwi sit here, and tomato is a medium producer with high sensitivity.
A14: Left column (high sensitivity): the most damaged by neighbours. Keep these away from the top row.
A15: Top row (high producer): the main source of ethylene. Keep these away from the left column.
A16: Bottom-right (low producer, low sensitivity): neutral products, safe next to anything.

Sheet Notes
A1: Source: ethylene_producer and ethylene_sensitive columns from produce_biology_reference.csv (mostly medium confidence in the original file, so verify high-risk entries).
A2: Role and advice text are generated from the producer/sensitivity levels with a simple rule: medium/high producer + high sensitivity = emitter and victim; high producer = strong emitter; medium producer = moderate emitter; low producer + high/medium sensitivity = victim only; low/low = neutral.
A3: Category (fruit/vegetable) follows culinary classification, as in the previous workbook.
