Workbook

Sheet Fruit Compatibility
A1: Fruit compatibility: ethylene risk when stored together (1 = best, 9 = worst)
A2: Score = worst direction: MAX(producer of A x sensitivity of B, producer of B x sensitivity of A). Low=1, Medium=2, High=3.
A4: Producer score | D4: =INDEX(Inputs!$E$2:$E$42,MATCH(D$6,Inputs!$B$2:$B$42,0)) -> 3 | E4: =INDEX(Inputs!$E$2:$E$42,MATCH(E$6,Inputs!$B$2:$B$42,0)) -> 3 | F4: =INDEX(Inputs!$E$2:$E$42,MATCH(F$6,Inputs!$B$2:$B$42,0)) -> 3 | G4: =INDEX(Inputs!$E$2:$E$42,MATCH(G$6,Inputs!$B$2:$B$42,0)) -> 2 | H4: =INDEX(Inputs!$E$2:$E$42,MATCH(H$6,Inputs!$B$2:$B$42,0)) -> 1 | I4: =INDEX(Inputs!$E$2:$E$42,MATCH(I$6,Inputs!$B$2:$B$42,0)) -> 1 | J4: =INDEX(Inputs!$E$2:$E$42,MATCH(J$6,Inputs!$B$2:$B$42,0)) -> 3 | K4: =INDEX(Inputs!$E$2:$E$42,MATCH(K$6,Inputs!$B$2:$B$42,0)) -> 1 | ... AA4: =INDEX(Inputs!$E$2:$E$42,MATCH(AA$6,Inputs!$B$2:$B$42,0)) -> 1
A5: Sensitivity score | D5: =INDEX(Inputs!$F$2:$F$42,MATCH(D$6,Inputs!$B$2:$B$42,0)) -> 2 | E5: =INDEX(Inputs!$F$2:$F$42,MATCH(E$6,Inputs!$B$2:$B$42,0)) -> 2 | F5: =INDEX(Inputs!$F$2:$F$42,MATCH(F$6,Inputs!$B$2:$B$42,0)) -> 3 | G5: =INDEX(Inputs!$F$2:$F$42,MATCH(G$6,Inputs!$B$2:$B$42,0)) -> 3 | H5: =INDEX(Inputs!$F$2:$F$42,MATCH(H$6,Inputs!$B$2:$B$42,0)) -> 2 | I5: =INDEX(Inputs!$F$2:$F$42,MATCH(I$6,Inputs!$B$2:$B$42,0)) -> 2 | J5: =INDEX(Inputs!$F$2:$F$42,MATCH(J$6,Inputs!$B$2:$B$42,0)) -> 2 | K5: =INDEX(Inputs!$F$2:$F$42,MATCH(K$6,Inputs!$B$2:$B$42,0)) -> 1 | ... AA5: =INDEX(Inputs!$F$2:$F$42,MATCH(AA$6,Inputs!$B$2:$B$42,0)) -> 3
A6: Type | B6: Producer | C6: Sensitive | D6: Apple | E6: Apricot | F6: Avocado | G6: Banana | H6: Cherries | I6: Clementine | J6: Granadilla | K6: Grapes | L6: Guava | M6: Kiwi | N6: Lemon | O6: Lime | P6: Mango | Q6: Melon | R6: Nectarine | S6: Orange | T6: Papaya | U6: Passion Fruit | V6: Peach | W6: Pear | X6: Pineapple | Y6: Pitaya | Z6: Strawberries | AA6: Watermelon
A7: Apple | B7: =INDEX(Inputs!$E$2:$E$42,MATCH($A7,Inputs!$B$2:$B$42,0)) -> 3 | C7: =INDEX(Inputs!$F$2:$F$42,MATCH($A7,Inputs!$B$2:$B$42,0)) -> 2 | D7: =IF($A7=D$6,"-",MAX($B7*D$5,D$4*$C7)) -> - | E7: =IF($A7=E$6,"-",MAX($B7*E$5,E$4*$C7)) -> 6 | F7: =IF($A7=F$6,"-",MAX($B7*F$5,F$4*$C7)) -> 9 | G7: =IF($A7=G$6,"-",MAX($B7*G$5,G$4*$C7)) -> 9 | H7: =IF($A7=H$6,"-",MAX($B7*H$5,H$4*$C7)) -> 6 | I7: =IF($A7=I$6,"-",MAX($B7*I$5,I$4*$C7)) -> 6 | J7: =IF($A7=J$6,"-",MAX($B7*J$5,J$4*$C7)) -> 6 | K7: =IF($A7=K$6,"-",MAX($B7*K$5,K$4*$C7)) -> 3 | ... AA7: =IF($A7=AA$6,"-",MAX($B7*AA$5,AA$4*$C7)) -> 9
A8: Apricot | B8: =INDEX(Inputs!$E$2:$E$42,MATCH($A8,Inputs!$B$2:$B$42,0)) -> 3 | C8: =INDEX(Inputs!$F$2:$F$42,MATCH($A8,Inputs!$B$2:$B$42,0)) -> 2 | D8: =IF($A8=D$6,"-",MAX($B8*D$5,D$4*$C8)) -> 6 | E8: =IF($A8=E$6,"-",MAX($B8*E$5,E$4*$C8)) -> - | F8: =IF($A8=F$6,"-",MAX($B8*F$5,F$4*$C8)) -> 9 | G8: =IF($A8=G$6,"-",MAX($B8*G$5,G$4*$C8)) -> 9 | H8: =IF($A8=H$6,"-",MAX($B8*H$5,H$4*$C8)) -> 6 | I8: =IF($A8=I$6,"-",MAX($B8*I$5,I$4*$C8)) -> 6 | J8: =IF($A8=J$6,"-",MAX($B8*J$5,J$4*$C8)) -> 6 | K8: =IF($A8=K$6,"-",MAX($B8*K$5,K$4*$C8)) -> 3 | ... AA8: =IF($A8=AA$6,"-",MAX($B8*AA$5,AA$4*$C8)) -> 9
A9: Avocado | B9: =INDEX(Inputs!$E$2:$E$42,MATCH($A9,Inputs!$B$2:$B$42,0)) -> 3 | C9: =INDEX(Inputs!$F$2:$F$42,MATCH($A9,Inputs!$B$2:$B$42,0)) -> 3 | D9: =IF($A9=D$6,"-",MAX($B9*D$5,D$4*$C9)) -> 9 | E9: =IF($A9=E$6,"-",MAX($B9*E$5,E$4*$C9)) -> 9 | F9: =IF($A9=F$6,"-",MAX($B9*F$5,F$4*$C9)) -> - | G9: =IF($A9=G$6,"-",MAX($B9*G$5,G$4*$C9)) -> 9 | H9: =IF($A9=H$6,"-",MAX($B9*H$5,H$4*$C9)) -> 6 | I9: =IF($A9=I$6,"-",MAX($B9*I$5,I$4*$C9)) -> 6 | J9: =IF($A9=J$6,"-",MAX($B9*J$5,J$4*$C9)) -> 9 | K9: =IF($A9=K$6,"-",MAX($B9*K$5,K$4*$C9)) -> 3 | ... AA9: =IF($A9=AA$6,"-",MAX($B9*AA$5,AA$4*$C9)) -> 9
A10: Banana | B10: =INDEX(Inputs!$E$2:$E$42,MATCH($A10,Inputs!$B$2:$B$42,0)) -> 2 | C10: =INDEX(Inputs!$F$2:$F$42,MATCH($A10,Inputs!$B$2:$B$42,0)) -> 3 | D10: =IF($A10=D$6,"-",MAX($B10*D$5,D$4*$C10)) -> 9 | E10: =IF($A10=E$6,"-",MAX($B10*E$5,E$4*$C10)) -> 9 | F10: =IF($A10=F$6,"-",MAX($B10*F$5,F$4*$C10)) -> 9 | G10: =IF($A10=G$6,"-",MAX($B10*G$5,G$4*$C10)) -> - | H10: =IF($A10=H$6,"-",MAX($B10*H$5,H$4*$C10)) -> 4 | I10: =IF($A10=I$6,"-",MAX($B10*I$5,I$4*$C10)) -> 4 | J10: =IF($A10=J$6,"-",MAX($B10*J$5,J$4*$C10)) -> 9 | K10: =IF($A10=K$6,"-",MAX($B10*K$5,K$4*$C10)) -> 3 | ... AA10: =IF($A10=AA$6,"-",MAX($B10*AA$5,AA$4*$C10)) -> 6
A11: Cherries | B11: =INDEX(Inputs!$E$2:$E$42,MATCH($A11,Inputs!$B$2:$B$42,0)) -> 1 | C11: =INDEX(Inputs!$F$2:$F$42,MATCH($A11,Inputs!$B$2:$B$42,0)) -> 2 | D11: =IF($A11=D$6,"-",MAX($B11*D$5,D$4*$C11)) -> 6 | E11: =IF($A11=E$6,"-",MAX($B11*E$5,E$4*$C11)) -> 6 | F11: =IF($A11=F$6,"-",MAX($B11*F$5,F$4*$C11)) -> 6 | G11: =IF($A11=G$6,"-",MAX($B11*G$5,G$4*$C11)) -> 4 | H11: =IF($A11=H$6,"-",MAX($B11*H$5,H$4*$C11)) -> - | I11: =IF($A11=I$6,"-",MAX($B11*I$5,I$4*$C11)) -> 2 | J11: =IF($A11=J$6,"-",MAX($B11*J$5,J$4*$C11)) -> 6 | K11: =IF($A11=K$6,"-",MAX($B11*K$5,K$4*$C11)) -> 2 | ... AA11: =IF($A11=AA$6,"-",MAX($B11*AA$5,AA$4*$C11)) -> 3
A12: Clementine | B12: =INDEX(Inputs!$E$2:$E$42,MATCH($A12,Inputs!$B$2:$B$42,0)) -> 1 | C12: =INDEX(Inputs!$F$2:$F$42,MATCH($A12,Inputs!$B$2:$B$42,0)) -> 2 | D12: =IF($A12=D$6,"-",MAX($B12*D$5,D$4*$C12)) -> 6 | E12: =IF($A12=E$6,"-",MAX($B12*E$5,E$4*$C12)) -> 6 | F12: =IF($A12=F$6,"-",MAX($B12*F$5,F$4*$C12)) -> 6 | G12: =IF($A12=G$6,"-",MAX($B12*G$5,G$4*$C12)) -> 4 | H12: =IF($A12=H$6,"-",MAX($B12*H$5,H$4*$C12)) -> 2 | I12: =IF($A12=I$6,"-",MAX($B12*I$5,I$4*$C12)) -> - | J12: =IF($A12=J$6,"-",MAX($B12*J$5,J$4*$C12)) -> 6 | K12: =IF($A12=K$6,"-",MAX($B12*K$5,K$4*$C12)) -> 2 | ... AA12: =IF($A12=AA$6,"-",MAX($B12*AA$5,AA$4*$C12)) -> 3
A13: Granadilla | B13: =INDEX(Inputs!$E$2:$E$42,MATCH($A13,Inputs!$B$2:$B$42,0)) -> 3 | C13: =INDEX(Inputs!$F$2:$F$42,MATCH($A13,Inputs!$B$2:$B$42,0)) -> 2 | D13: =IF($A13=D$6,"-",MAX($B13*D$5,D$4*$C13)) -> 6 | E13: =IF($A13=E$6,"-",MAX($B13*E$5,E$4*$C13)) -> 6 | F13: =IF($A13=F$6,"-",MAX($B13*F$5,F$4*$C13)) -> 9 | G13: =IF($A13=G$6,"-",MAX($B13*G$5,G$4*$C13)) -> 9 | H13: =IF($A13=H$6,"-",MAX($B13*H$5,H$4*$C13)) -> 6 | I13: =IF($A13=I$6,"-",MAX($B13*I$5,I$4*$C13)) -> 6 | J13: =IF($A13=J$6,"-",MAX($B13*J$5,J$4*$C13)) -> - | K13: =IF($A13=K$6,"-",MAX($B13*K$5,K$4*$C13)) -> 3 | ... AA13: =IF($A13=AA$6,"-",MAX($B13*AA$5,AA$4*$C13)) -> 9
A14: Grapes | B14: =INDEX(Inputs!$E$2:$E$42,MATCH($A14,Inputs!$B$2:$B$42,0)) -> 1 | C14: =INDEX(Inputs!$F$2:$F$42,MATCH($A14,Inputs!$B$2:$B$42,0)) -> 1 | D14: =IF($A14=D$6,"-",MAX($B14*D$5,D$4*$C14)) -> 3 | E14: =IF($A14=E$6,"-",MAX($B14*E$5,E$4*$C14)) -> 3 | F14: =IF($A14=F$6,"-",MAX($B14*F$5,F$4*$C14)) -> 3 | G14: =IF($A14=G$6,"-",MAX($B14*G$5,G$4*$C14)) -> 3 | H14: =IF($A14=H$6,"-",MAX($B14*H$5,H$4*$C14)) -> 2 | I14: =IF($A14=I$6,"-",MAX($B14*I$5,I$4*$C14)) -> 2 | J14: =IF($A14=J$6,"-",MAX($B14*J$5,J$4*$C14)) -> 3 | K14: =IF($A14=K$6,"-",MAX($B14*K$5,K$4*$C14)) -> - | ... AA14: =IF($A14=AA$6,"-",MAX($B14*AA$5,AA$4*$C14)) -> 3
A15: Guava | B15: =INDEX(Inputs!$E$2:$E$42,MATCH($A15,Inputs!$B$2:$B$42,0)) -> 2 | C15: =INDEX(Inputs!$F$2:$F$42,MATCH($A15,Inputs!$B$2:$B$42,0)) -> 2 | D15: =IF($A15=D$6,"-",MAX($B15*D$5,D$4*$C15)) -> 6 | E15: =IF($A15=E$6,"-",MAX($B15*E$5,E$4*$C15)) -> 6 | F15: =IF($A15=F$6,"-",MAX($B15*F$5,F$4*$C15)) -> 6 | G15: =IF($A15=G$6,"-",MAX($B15*G$5,G$4*$C15)) -> 6 | H15: =IF($A15=H$6,"-",MAX($B15*H$5,H$4*$C15)) -> 4 | I15: =IF($A15=I$6,"-",MAX($B15*I$5,I$4*$C15)) -> 4 | J15: =IF($A15=J$6,"-",MAX($B15*J$5,J$4*$C15)) -> 6 | K15: =IF($A15=K$6,"-",MAX($B15*K$5,K$4*$C15)) -> 2 | ... AA15: =IF($A15=AA$6,"-",MAX($B15*AA$5,AA$4*$C15)) -> 6
A16: Kiwi | B16: =INDEX(Inputs!$E$2:$E$42,MATCH($A16,Inputs!$B$2:$B$42,0)) -> 3 | C16: =INDEX(Inputs!$F$2:$F$42,MATCH($A16,Inputs!$B$2:$B$42,0)) -> 3 | D16: =IF($A16=D$6,"-",MAX($B16*D$5,D$4*$C16)) -> 9 | E16: =IF($A16=E$6,"-",MAX($B16*E$5,E$4*$C16)) -> 9 | F16: =IF($A16=F$6,"-",MAX($B16*F$5,F$4*$C16)) -> 9 | G16: =IF($A16=G$6,"-",MAX($B16*G$5,G$4*$C16)) -> 9 | H16: =IF($A16=H$6,"-",MAX($B16*H$5,H$4*$C16)) -> 6 | I16: =IF($A16=I$6,"-",MAX($B16*I$5,I$4*$C16)) -> 6 | J16: =IF($A16=J$6,"-",MAX($B16*J$5,J$4*$C16)) -> 9 | K16: =IF($A16=K$6,"-",MAX($B16*K$5,K$4*$C16)) -> 3 | ... AA16: =IF($A16=AA$6,"-",MAX($B16*AA$5,AA$4*$C16)) -> 9
A17: Lemon | B17: =INDEX(Inputs!$E$2:$E$42,MATCH($A17,Inputs!$B$2:$B$42,0)) -> 1 | C17: =INDEX(Inputs!$F$2:$F$42,MATCH($A17,Inputs!$B$2:$B$42,0)) -> 2 | D17: =IF($A17=D$6,"-",MAX($B17*D$5,D$4*$C17)) -> 6 | E17: =IF($A17=E$6,"-",MAX($B17*E$5,E$4*$C17)) -> 6 | F17: =IF($A17=F$6,"-",MAX($B17*F$5,F$4*$C17)) -> 6 | G17: =IF($A17=G$6,"-",MAX($B17*G$5,G$4*$C17)) -> 4 | H17: =IF($A17=H$6,"-",MAX($B17*H$5,H$4*$C17)) -> 2 | I17: =IF($A17=I$6,"-",MAX($B17*I$5,I$4*$C17)) -> 2 | J17: =IF($A17=J$6,"-",MAX($B17*J$5,J$4*$C17)) -> 6 | K17: =IF($A17=K$6,"-",MAX($B17*K$5,K$4*$C17)) -> 2 | ... AA17: =IF($A17=AA$6,"-",MAX($B17*AA$5,AA$4*$C17)) -> 3
A18: Lime | B18: =INDEX(Inputs!$E$2:$E$42,MATCH($A18,Inputs!$B$2:$B$42,0)) -> 1 | C18: =INDEX(Inputs!$F$2:$F$42,MATCH($A18,Inputs!$B$2:$B$42,0)) -> 2 | D18: =IF($A18=D$6,"-",MAX($B18*D$5,D$4*$C18)) -> 6 | E18: =IF($A18=E$6,"-",MAX($B18*E$5,E$4*$C18)) -> 6 | F18: =IF($A18=F$6,"-",MAX($B18*F$5,F$4*$C18)) -> 6 | G18: =IF($A18=G$6,"-",MAX($B18*G$5,G$4*$C18)) -> 4 | H18: =IF($A18=H$6,"-",MAX($B18*H$5,H$4*$C18)) -> 2 | I18: =IF($A18=I$6,"-",MAX($B18*I$5,I$4*$C18)) -> 2 | J18: =IF($A18=J$6,"-",MAX($B18*J$5,J$4*$C18)) -> 6 | K18: =IF($A18=K$6,"-",MAX($B18*K$5,K$4*$C18)) -> 2 | ... AA18: =IF($A18=AA$6,"-",MAX($B18*AA$5,AA$4*$C18)) -> 3
... A30: Watermelon | B30: =INDEX(Inputs!$E$2:$E$42,MATCH($A30,Inputs!$B$2:$B$42,0)) -> 1 | C30: =INDEX(Inputs!$F$2:$F$42,MATCH($A30,Inputs!$B$2:$B$42,0)) -> 3 | D30: =IF($A30=D$6,"-",MAX($B30*D$5,D$4*$C30)) -> 9 | E30: =IF($A30=E$6,"-",MAX($B30*E$5,E$4*$C30)) -> 9 | F30: =IF($A30=F$6,"-",MAX($B30*F$5,F$4*$C30)) -> 9 | G30: =IF($A30=G$6,"-",MAX($B30*G$5,G$4*$C30)) -> 6 | H30: =IF($A30=H$6,"-",MAX($B30*H$5,H$4*$C30)) -> 3 | I30: =IF($A30=I$6,"-",MAX($B30*I$5,I$4*$C30)) -> 3 | J30: =IF($A30=J$6,"-",MAX($B30*J$5,J$4*$C30)) -> 9 | K30: =IF($A30=K$6,"-",MAX($B30*K$5,K$4*$C30)) -> 3 | ... AA30: =IF($A30=AA$6,"-",MAX($B30*AA$5,AA$4*$C30)) -> -
A32: Legend
A33: 1-3 Compatible: can share space
A34: 4-6 Caution: separate shelves, remove damaged items quickly
A35: 7-9 Avoid: keep apart
A37: Pairs (each counted once):
A38: Compatible (1-3) | D38: =(COUNTIFS(D7:AA30,">=1",D7:AA30,"<=3"))/2 -> 87
A39: Caution (4-6) | D39: =(COUNTIFS(D7:AA30,">=4",D7:AA30,"<=6"))/2 -> 148
A40: Avoid (7-9) | D40: =(COUNTIFS(D7:AA30,">=7",D7:AA30,"<=9"))/2 -> 41

Sheet Vegetable Compatibility
A1: Vegetable compatibility: ethylene risk when stored together (1 = best, 9 = worst)
A2: Score = worst direction: MAX(producer of A x sensitivity of B, producer of B x sensitivity of A). Low=1, Medium=2, High=3.
A4: Producer score | D4: =INDEX(Inputs!$E$2:$E$42,MATCH(D$6,Inputs!$B$2:$B$42,0)) -> 1 | E4: =INDEX(Inputs!$E$2:$E$42,MATCH(E$6,Inputs!$B$2:$B$42,0)) -> 1 | F4: =INDEX(Inputs!$E$2:$E$42,MATCH(F$6,Inputs!$B$2:$B$42,0)) -> 1 | G4: =INDEX(Inputs!$E$2:$E$42,MATCH(G$6,Inputs!$B$2:$B$42,0)) -> 1 | H4: =INDEX(Inputs!$E$2:$E$42,MATCH(H$6,Inputs!$B$2:$B$42,0)) -> 1 | I4: =INDEX(Inputs!$E$2:$E$42,MATCH(I$6,Inputs!$B$2:$B$42,0)) -> 1 | J4: =INDEX(Inputs!$E$2:$E$42,MATCH(J$6,Inputs!$B$2:$B$42,0)) -> 1 | K4: =INDEX(Inputs!$E$2:$E$42,MATCH(K$6,Inputs!$B$2:$B$42,0)) -> 1 | ... T4: =INDEX(Inputs!$E$2:$E$42,MATCH(T$6,Inputs!$B$2:$B$42,0)) -> 1
A5: Sensitivity score | D5: =INDEX(Inputs!$F$2:$F$42,MATCH(D$6,Inputs!$B$2:$B$42,0)) -> 3 | E5: =INDEX(Inputs!$F$2:$F$42,MATCH(E$6,Inputs!$B$2:$B$42,0)) -> 3 | F5: =INDEX(Inputs!$F$2:$F$42,MATCH(F$6,Inputs!$B$2:$B$42,0)) -> 3 | G5: =INDEX(Inputs!$F$2:$F$42,MATCH(G$6,Inputs!$B$2:$B$42,0)) -> 2 | H5: =INDEX(Inputs!$F$2:$F$42,MATCH(H$6,Inputs!$B$2:$B$42,0)) -> 3 | I5: =INDEX(Inputs!$F$2:$F$42,MATCH(I$6,Inputs!$B$2:$B$42,0)) -> 3 | J5: =INDEX(Inputs!$F$2:$F$42,MATCH(J$6,Inputs!$B$2:$B$42,0)) -> 1 | K5: =INDEX(Inputs!$F$2:$F$42,MATCH(K$6,Inputs!$B$2:$B$42,0)) -> 2 | ... T5: =INDEX(Inputs!$F$2:$F$42,MATCH(T$6,Inputs!$B$2:$B$42,0)) -> 2
A6: Type | B6: Producer | C6: Sensitive | D6: Broccoli | E6: Cabbage | F6: Cauliflower | G6: Chayote | H6: Cucumber | I6: Eggplant | J6: Garlic | K6: Ginger | L6: Green Beans | M6: Lettuce | N6: Onion | O6: Pepper | P6: Potato | Q6: Pumpkin | R6: Sweet Potato | S6: Tomato | T6: Zucchini
A7: Broccoli | B7: =INDEX(Inputs!$E$2:$E$42,MATCH($A7,Inputs!$B$2:$B$42,0)) -> 1 | C7: =INDEX(Inputs!$F$2:$F$42,MATCH($A7,Inputs!$B$2:$B$42,0)) -> 3 | D7: =IF($A7=D$6,"-",MAX($B7*D$5,D$4*$C7)) -> - | E7: =IF($A7=E$6,"-",MAX($B7*E$5,E$4*$C7)) -> 3 | F7: =IF($A7=F$6,"-",MAX($B7*F$5,F$4*$C7)) -> 3 | G7: =IF($A7=G$6,"-",MAX($B7*G$5,G$4*$C7)) -> 3 | H7: =IF($A7=H$6,"-",MAX($B7*H$5,H$4*$C7)) -> 3 | I7: =IF($A7=I$6,"-",MAX($B7*I$5,I$4*$C7)) -> 3 | J7: =IF($A7=J$6,"-",MAX($B7*J$5,J$4*$C7)) -> 3 | K7: =IF($A7=K$6,"-",MAX($B7*K$5,K$4*$C7)) -> 3 | ... T7: =IF($A7=T$6,"-",MAX($B7*T$5,T$4*$C7)) -> 3
A8: Cabbage | B8: =INDEX(Inputs!$E$2:$E$42,MATCH($A8,Inputs!$B$2:$B$42,0)) -> 1 | C8: =INDEX(Inputs!$F$2:$F$42,MATCH($A8,Inputs!$B$2:$B$42,0)) -> 3 | D8: =IF($A8=D$6,"-",MAX($B8*D$5,D$4*$C8)) -> 3 | E8: =IF($A8=E$6,"-",MAX($B8*E$5,E$4*$C8)) -> - | F8: =IF($A8=F$6,"-",MAX($B8*F$5,F$4*$C8)) -> 3 | G8: =IF($A8=G$6,"-",MAX($B8*G$5,G$4*$C8)) -> 3 | H8: =IF($A8=H$6,"-",MAX($B8*H$5,H$4*$C8)) -> 3 | I8: =IF($A8=I$6,"-",MAX($B8*I$5,I$4*$C8)) -> 3 | J8: =IF($A8=J$6,"-",MAX($B8*J$5,J$4*$C8)) -> 3 | K8: =IF($A8=K$6,"-",MAX($B8*K$5,K$4*$C8)) -> 3 | ... T8: =IF($A8=T$6,"-",MAX($B8*T$5,T$4*$C8)) -> 3
A9: Cauliflower | B9: =INDEX(Inputs!$E$2:$E$42,MATCH($A9,Inputs!$B$2:$B$42,0)) -> 1 | C9: =INDEX(Inputs!$F$2:$F$42,MATCH($A9,Inputs!$B$2:$B$42,0)) -> 3 | D9: =IF($A9=D$6,"-",MAX($B9*D$5,D$4*$C9)) -> 3 | E9: =IF($A9=E$6,"-",MAX($B9*E$5,E$4*$C9)) -> 3 | F9: =IF($A9=F$6,"-",MAX($B9*F$5,F$4*$C9)) -> - | G9: =IF($A9=G$6,"-",MAX($B9*G$5,G$4*$C9)) -> 3 | H9: =IF($A9=H$6,"-",MAX($B9*H$5,H$4*$C9)) -> 3 | I9: =IF($A9=I$6,"-",MAX($B9*I$5,I$4*$C9)) -> 3 | J9: =IF($A9=J$6,"-",MAX($B9*J$5,J$4*$C9)) -> 3 | K9: =IF($A9=K$6,"-",MAX($B9*K$5,K$4*$C9)) -> 3 | ... T9: =IF($A9=T$6,"-",MAX($B9*T$5,T$4*$C9)) -> 3
A10: Chayote | B10: =INDEX(Inputs!$E$2:$E$42,MATCH($A10,Inputs!$B$2:$B$42,0)) -> 1 | C10: =INDEX(Inputs!$F$2:$F$42,MATCH($A10,Inputs!$B$2:$B$42,0)) -> 2 | D10: =IF($A10=D$6,"-",MAX($B10*D$5,D$4*$C10)) -> 3 | E10: =IF($A10=E$6,"-",MAX($B10*E$5,E$4*$C10)) -> 3 | F10: =IF($A10=F$6,"-",MAX($B10*F$5,F$4*$C10)) -> 3 | G10: =IF($A10=G$6,"-",MAX($B10*G$5,G$4*$C10)) -> - | H10: =IF($A10=H$6,"-",MAX($B10*H$5,H$4*$C10)) -> 3 | I10: =IF($A10=I$6,"-",MAX($B10*I$5,I$4*$C10)) -> 3 | J10: =IF($A10=J$6,"-",MAX($B10*J$5,J$4*$C10)) -> 2 | K10: =IF($A10=K$6,"-",MAX($B10*K$5,K$4*$C10)) -> 2 | ... T10: =IF($A10=T$6,"-",MAX($B10*T$5,T$4*$C10)) -> 2
A11: Cucumber | B11: =INDEX(Inputs!$E$2:$E$42,MATCH($A11,Inputs!$B$2:$B$42,0)) -> 1 | C11: =INDEX(Inputs!$F$2:$F$42,MATCH($A11,Inputs!$B$2:$B$42,0)) -> 3 | D11: =IF($A11=D$6,"-",MAX($B11*D$5,D$4*$C11)) -> 3 | E11: =IF($A11=E$6,"-",MAX($B11*E$5,E$4*$C11)) -> 3 | F11: =IF($A11=F$6,"-",MAX($B11*F$5,F$4*$C11)) -> 3 | G11: =IF($A11=G$6,"-",MAX($B11*G$5,G$4*$C11)) -> 3 | H11: =IF($A11=H$6,"-",MAX($B11*H$5,H$4*$C11)) -> - | I11: =IF($A11=I$6,"-",MAX($B11*I$5,I$4*$C11)) -> 3 | J11: =IF($A11=J$6,"-",MAX($B11*J$5,J$4*$C11)) -> 3 | K11: =IF($A11=K$6,"-",MAX($B11*K$5,K$4*$C11)) -> 3 | ... T11: =IF($A11=T$6,"-",MAX($B11*T$5,T$4*$C11)) -> 3
A12: Eggplant | B12: =INDEX(Inputs!$E$2:$E$42,MATCH($A12,Inputs!$B$2:$B$42,0)) -> 1 | C12: =INDEX(Inputs!$F$2:$F$42,MATCH($A12,Inputs!$B$2:$B$42,0)) -> 3 | D12: =IF($A12=D$6,"-",MAX($B12*D$5,D$4*$C12)) -> 3 | E12: =IF($A12=E$6,"-",MAX($B12*E$5,E$4*$C12)) -> 3 | F12: =IF($A12=F$6,"-",MAX($B12*F$5,F$4*$C12)) -> 3 | G12: =IF($A12=G$6,"-",MAX($B12*G$5,G$4*$C12)) -> 3 | H12: =IF($A12=H$6,"-",MAX($B12*H$5,H$4*$C12)) -> 3 | I12: =IF($A12=I$6,"-",MAX($B12*I$5,I$4*$C12)) -> - | J12: =IF($A12=J$6,"-",MAX($B12*J$5,J$4*$C12)) -> 3 | K12: =IF($A12=K$6,"-",MAX($B12*K$5,K$4*$C12)) -> 3 | ... T12: =IF($A12=T$6,"-",MAX($B12*T$5,T$4*$C12)) -> 3
A13: Garlic | B13: =INDEX(Inputs!$E$2:$E$42,MATCH($A13,Inputs!$B$2:$B$42,0)) -> 1 | C13: =INDEX(Inputs!$F$2:$F$42,MATCH($A13,Inputs!$B$2:$B$42,0)) -> 1 | D13: =IF($A13=D$6,"-",MAX($B13*D$5,D$4*$C13)) -> 3 | E13: =IF($A13=E$6,"-",MAX($B13*E$5,E$4*$C13)) -> 3 | F13: =IF($A13=F$6,"-",MAX($B13*F$5,F$4*$C13)) -> 3 | G13: =IF($A13=G$6,"-",MAX($B13*G$5,G$4*$C13)) -> 2 | H13: =IF($A13=H$6,"-",MAX($B13*H$5,H$4*$C13)) -> 3 | I13: =IF($A13=I$6,"-",MAX($B13*I$5,I$4*$C13)) -> 3 | J13: =IF($A13=J$6,"-",MAX($B13*J$5,J$4*$C13)) -> - | K13: =IF($A13=K$6,"-",MAX($B13*K$5,K$4*$C13)) -> 2 | ... T13: =IF($A13=T$6,"-",MAX($B13*T$5,T$4*$C13)) -> 2
A14: Ginger | B14: =INDEX(Inputs!$E$2:$E$42,MATCH($A14,Inputs!$B$2:$B$42,0)) -> 1 | C14: =INDEX(Inputs!$F$2:$F$42,MATCH($A14,Inputs!$B$2:$B$42,0)) -> 2 | D14: =IF($A14=D$6,"-",MAX($B14*D$5,D$4*$C14)) -> 3 | E14: =IF($A14=E$6,"-",MAX($B14*E$5,E$4*$C14)) -> 3 | F14: =IF($A14=F$6,"-",MAX($B14*F$5,F$4*$C14)) -> 3 | G14: =IF($A14=G$6,"-",MAX($B14*G$5,G$4*$C14)) -> 2 | H14: =IF($A14=H$6,"-",MAX($B14*H$5,H$4*$C14)) -> 3 | I14: =IF($A14=I$6,"-",MAX($B14*I$5,I$4*$C14)) -> 3 | J14: =IF($A14=J$6,"-",MAX($B14*J$5,J$4*$C14)) -> 2 | K14: =IF($A14=K$6,"-",MAX($B14*K$5,K$4*$C14)) -> - | ... T14: =IF($A14=T$6,"-",MAX($B14*T$5,T$4*$C14)) -> 2
A15: Green Beans | B15: =INDEX(Inputs!$E$2:$E$42,MATCH($A15,Inputs!$B$2:$B$42,0)) -> 1 | C15: =INDEX(Inputs!$F$2:$F$42,MATCH($A15,Inputs!$B$2:$B$42,0)) -> 3 | D15: =IF($A15=D$6,"-",MAX($B15*D$5,D$4*$C15)) -> 3 | E15: =IF($A15=E$6,"-",MAX($B15*E$5,E$4*$C15)) -> 3 | F15: =IF($A15=F$6,"-",MAX($B15*F$5,F$4*$C15)) -> 3 | G15: =IF($A15=G$6,"-",MAX($B15*G$5,G$4*$C15)) -> 3 | H15: =IF($A15=H$6,"-",MAX($B15*H$5,H$4*$C15)) -> 3 | I15: =IF($A15=I$6,"-",MAX($B15*I$5,I$4*$C15)) -> 3 | J15: =IF($A15=J$6,"-",MAX($B15*J$5,J$4*$C15)) -> 3 | K15: =IF($A15=K$6,"-",MAX($B15*K$5,K$4*$C15)) -> 3 | ... T15: =IF($A15=T$6,"-",MAX($B15*T$5,T$4*$C15)) -> 3
A16: Lettuce | B16: =INDEX(Inputs!$E$2:$E$42,MATCH($A16,Inputs!$B$2:$B$42,0)) -> 1 | C16: =INDEX(Inputs!$F$2:$F$42,MATCH($A16,Inputs!$B$2:$B$42,0)) -> 3 | D16: =IF($A16=D$6,"-",MAX($B16*D$5,D$4*$C16)) -> 3 | E16: =IF($A16=E$6,"-",MAX($B16*E$5,E$4*$C16)) -> 3 | F16: =IF($A16=F$6,"-",MAX($B16*F$5,F$4*$C16)) -> 3 | G16: =IF($A16=G$6,"-",MAX($B16*G$5,G$4*$C16)) -> 3 | H16: =IF($A16=H$6,"-",MAX($B16*H$5,H$4*$C16)) -> 3 | I16: =IF($A16=I$6,"-",MAX($B16*I$5,I$4*$C16)) -> 3 | J16: =IF($A16=J$6,"-",MAX($B16*J$5,J$4*$C16)) -> 3 | K16: =IF($A16=K$6,"-",MAX($B16*K$5,K$4*$C16)) -> 3 | ... T16: =IF($A16=T$6,"-",MAX($B16*T$5,T$4*$C16)) -> 3
A17: Onion | B17: =INDEX(Inputs!$E$2:$E$42,MATCH($A17,Inputs!$B$2:$B$42,0)) -> 1 | C17: =INDEX(Inputs!$F$2:$F$42,MATCH($A17,Inputs!$B$2:$B$42,0)) -> 1 | D17: =IF($A17=D$6,"-",MAX($B17*D$5,D$4*$C17)) -> 3 | E17: =IF($A17=E$6,"-",MAX($B17*E$5,E$4*$C17)) -> 3 | F17: =IF($A17=F$6,"-",MAX($B17*F$5,F$4*$C17)) -> 3 | G17: =IF($A17=G$6,"-",MAX($B17*G$5,G$4*$C17)) -> 2 | H17: =IF($A17=H$6,"-",MAX($B17*H$5,H$4*$C17)) -> 3 | I17: =IF($A17=I$6,"-",MAX($B17*I$5,I$4*$C17)) -> 3 | J17: =IF($A17=J$6,"-",MAX($B17*J$5,J$4*$C17)) -> 1 | K17: =IF($A17=K$6,"-",MAX($B17*K$5,K$4*$C17)) -> 2 | ... T17: =IF($A17=T$6,"-",MAX($B17*T$5,T$4*$C17)) -> 2
A18: Pepper | B18: =INDEX(Inputs!$E$2:$E$42,MATCH($A18,Inputs!$B$2:$B$42,0)) -> 1 | C18: =INDEX(Inputs!$F$2:$F$42,MATCH($A18,Inputs!$B$2:$B$42,0)) -> 2 | D18: =IF($A18=D$6,"-",MAX($B18*D$5,D$4*$C18)) -> 3 | E18: =IF($A18=E$6,"-",MAX($B18*E$5,E$4*$C18)) -> 3 | F18: =IF($A18=F$6,"-",MAX($B18*F$5,F$4*$C18)) -> 3 | G18: =IF($A18=G$6,"-",MAX($B18*G$5,G$4*$C18)) -> 2 | H18: =IF($A18=H$6,"-",MAX($B18*H$5,H$4*$C18)) -> 3 | I18: =IF($A18=I$6,"-",MAX($B18*I$5,I$4*$C18)) -> 3 | J18: =IF($A18=J$6,"-",MAX($B18*J$5,J$4*$C18)) -> 2 | K18: =IF($A18=K$6,"-",MAX($B18*K$5,K$4*$C18)) -> 2 | ... T18: =IF($A18=T$6,"-",MAX($B18*T$5,T$4*$C18)) -> 2
... A23: Zucchini | B23: =INDEX(Inputs!$E$2:$E$42,MATCH($A23,Inputs!$B$2:$B$42,0)) -> 1 | C23: =INDEX(Inputs!$F$2:$F$42,MATCH($A23,Inputs!$B$2:$B$42,0)) -> 2 | D23: =IF($A23=D$6,"-",MAX($B23*D$5,D$4*$C23)) -> 3 | E23: =IF($A23=E$6,"-",MAX($B23*E$5,E$4*$C23)) -> 3 | F23: =IF($A23=F$6,"-",MAX($B23*F$5,F$4*$C23)) -> 3 | G23: =IF($A23=G$6,"-",MAX($B23*G$5,G$4*$C23)) -> 2 | H23: =IF($A23=H$6,"-",MAX($B23*H$5,H$4*$C23)) -> 3 | I23: =IF($A23=I$6,"-",MAX($B23*I$5,I$4*$C23)) -> 3 | J23: =IF($A23=J$6,"-",MAX($B23*J$5,J$4*$C23)) -> 2 | K23: =IF($A23=K$6,"-",MAX($B23*K$5,K$4*$C23)) -> 2 | ... T23: =IF($A23=T$6,"-",MAX($B23*T$5,T$4*$C23)) -> -
A25: Legend
A26: 1-3 Compatible: can share space
A27: 4-6 Caution: separate shelves, remove damaged items quickly
A28: 7-9 Avoid: keep apart
A30: Pairs (each counted once):
A31: Compatible (1-3) | D31: =(COUNTIFS(D7:T23,">=1",D7:T23,"<=3"))/2 -> 124
A32: Caution (4-6) | D32: =(COUNTIFS(D7:T23,">=4",D7:T23,"<=6"))/2 -> 12
A33: Avoid (7-9) | D33: =(COUNTIFS(D7:T23,">=7",D7:T23,"<=9"))/2 -> 0

Sheet Inputs
A1: Category | B1: Type | C1: Ethylene producer | D1: Ethylene sensitive | E1: Producer score | F1: Sensitivity score | H1: Edit the producer / sensitive levels (low, medium, high) in columns C and D; both matrices update automatically.
A2: Fruit | B2: Apple | C2: high | D2: medium | E2: =MATCH(C2,{"low","medium","high"},0) -> 3 | F2: =MATCH(D2,{"low","medium","high"},0) -> 2
A3: Fruit | B3: Apricot | C3: high | D3: medium | E3: =MATCH(C3,{"low","medium","high"},0) -> 3 | F3: =MATCH(D3,{"low","medium","high"},0) -> 2
A4: Fruit | B4: Avocado | C4: high | D4: high | E4: =MATCH(C4,{"low","medium","high"},0) -> 3 | F4: =MATCH(D4,{"low","medium","high"},0) -> 3
A5: Fruit | B5: Banana | C5: medium | D5: high | E5: =MATCH(C5,{"low","medium","high"},0) -> 2 | F5: =MATCH(D5,{"low","medium","high"},0) -> 3
A6: Fruit | B6: Cherries | C6: low | D6: medium | E6: =MATCH(C6,{"low","medium","high"},0) -> 1 | F6: =MATCH(D6,{"low","medium","high"},0) -> 2
A7: Fruit | B7: Clementine | C7: low | D7: medium | E7: =MATCH(C7,{"low","medium","high"},0) -> 1 | F7: =MATCH(D7,{"low","medium","high"},0) -> 2
A8: Fruit | B8: Granadilla | C8: high | D8: medium | E8: =MATCH(C8,{"low","medium","high"},0) -> 3 | F8: =MATCH(D8,{"low","medium","high"},0) -> 2
A9: Fruit | B9: Grapes | C9: low | D9: low | E9: =MATCH(C9,{"low","medium","high"},0) -> 1 | F9: =MATCH(D9,{"low","medium","high"},0) -> 1
A10: Fruit | B10: Guava | C10: medium | D10: medium | E10: =MATCH(C10,{"low","medium","high"},0) -> 2 | F10: =MATCH(D10,{"low","medium","high"},0) -> 2
A11: Fruit | B11: Kiwi | C11: high | D11: high | E11: =MATCH(C11,{"low","medium","high"},0) -> 3 | F11: =MATCH(D11,{"low","medium","high"},0) -> 3
A12: Fruit | B12: Lemon | C12: low | D12: medium | E12: =MATCH(C12,{"low","medium","high"},0) -> 1 | F12: =MATCH(D12,{"low","medium","high"},0) -> 2
A13: Fruit | B13: Lime | C13: low | D13: medium | E13: =MATCH(C13,{"low","medium","high"},0) -> 1 | F13: =MATCH(D13,{"low","medium","high"},0) -> 2
... A42: Vegetable | B42: Zucchini | C42: low | D42: medium | E42: =MATCH(C42,{"low","medium","high"},0) -> 1 | F42: =MATCH(D42,{"low","medium","high"},0) -> 2

Sheet Notes
A1: Type-level ratings from produce_biology_reference.csv. Where products of one type differ (melon: cantaloupe and galia are high producers, green melon is low), the highest level is used to stay conservative.
A2: Score = ethylene risk from the worse of the two directions. The matrices are symmetric; the diagonal (same type) is blank.
A3: Based on ethylene only: temperature, humidity, odour transfer (e.g. onion, garlic) and chilling injury are not modelled.
A4: Exception: apples or bananas are deliberately placed next to avocados, kiwis or pears to speed up ripening. That scores as Avoid here because the goal in store is to delay ripening.
A5: Producer and sensitive levels were mostly medium confidence in the source file; edit the Inputs sheet to correct them.
